HI,heart_av,vc_av_feng,aorta_av_feng,pa_av_feng
max_dose,31.01160384,13.37723449,57.4964052,60.81932692
max_coord,[ 62 103  74],[56 83 75],[ 71 101  83],[ 76 110  64]
normalized_max_coord,[-0.14583333  0.06179775  0.43103448],[-0.19583333 -0.0505618   0.43965517],[-0.07083333  0.0505618   0.50862069],[-0.02916667  0.1011236   0.34482759]
axial_scale_factors,[120 178 116],[120 178 116],[120 178 116],[120 178 116]
v25cc,1.109375,0,39.609375,13.890625
D0.5cc,26.44178494,12.42046263,54.72896243,56.9057893
D1cc,25.1934138,12.17355324,54.3659797,55.74218265
D4cc,21.94543625,11.07146695,52.76870178,50.07709149
dist_to_max_from_t10,13.5260166,14.21761671,15.07118526,11.0007102