HD,heart_av,pa_av,aorta_av_feng
max_dose,52.33711603,49.48476306,25.97986163
max_coord,[50 88 59],[51 88 59],[51 78 57]
normalized_max_coord,,,
axial_scale_factors,,,
v25cc,9.421875,7.25,0.03125
D0.5cc,41.2136191,40.24233306,21.39918146
D1cc,38.20166062,37.24999892,20.17863918
D4cc,30.56986726,29.60364074,16.50196214
dist_to_max_from_t10,,,