KS,vc_av,heart_av,aorta_av,pa_av
max_dose,3.185763379,37.91085334,19.27774751,7.42415645
max_coord,[50 83 62],[ 40 122  66],[ 73 102  81],[ 62 106  98]
normalized_max_coord,,,,
axial_scale_factors,,,,
v25cc,0,2.328125,0,0
D0.5cc,2.866406731,31.19386158,18.11243295,5.437350387
D1cc,2.692639811,28.13890514,17.5878203,4.84000334
D4cc,1.623592972,22.51015021,15.55501704,1.273313748
dist_to_max_from_t10,,,,