IB,vc_av,heart_av,aorta_av
max_dose,1.412481934,48.680009,8.373321245
max_coord,[49 79 26],[ 41 113  36],[63 96 41]
normalized_max_coord,,,
axial_scale_factors,,,
v25cc,0,4.6875,0
D0.5cc,0.340475753,40.05617291,7.967189532
D1cc,0.298314527,35.81338581,7.760527496
D4cc,0.240015685,26.40212974,7.063248992
dist_to_max_from_t10,,,