FJ1,vc_av,heart_av,aorta_av,pa_av
max_dose,19.67529347,48.36521994,19.8165273,0.596838341
max_coord,[58 88 46],[62 86 55],[72 93 48],[63 76 67]
normalized_max_coord,,,,
axial_scale_factors,,,,
v25cc,0,4.75,0,0
D0.5cc,15.25538103,40.41593078,16.59981465,0.460545736
D1cc,11.83969131,35.79219758,15.16754149,0.342513665
D4cc,1.160078657,26.68636801,11.40823084,0.342513665
dist_to_max_from_t10,,,,