DJ,vc_av,heart_av,aorta_av_feng
max_dose,9.300354875,35.66661908,52.11510022
max_coord,[72 86 73],[ 75 121  79],[105 118  89]
normalized_max_coord,,,
axial_scale_factors,,,
v25cc,0,19.421875,31.921875
D0.5cc,6.598782536,32.9972442,51.16005318
D1cc,6.047826274,32.51965961,50.82577238
D4cc,3.400386152,30.69964672,48.76277107
dist_to_max_from_t10,,,