SB,vc_av_feng,aorta_av_feng,pa_av_feng,heart
max_dose,51.812725240000006,49.95396046000001,51.78076592,52.418956200000004
max_coord,[44 72 60],[38 78 56],[48 68 54],[42 74 53]
normalized_max_coord,[-0.27628032 -0.01282051  0.45054945],[-0.3328841   0.02564103  0.40659341],[-0.23854447 -0.03846154  0.38461538],[-0.29514825  0.          0.37362637]
axial_scale_factors,[106 156  91],[106 156  91],[106 156  91],[106 156  91]
v25cc,5.546875,8.609375,1.203125,36.046875
D0.5cc,49.08356844,46.693836880000006,33.89050144,51.37920534
D1cc,47.24212812,44.5418461,26.992745799999998,50.99478604
D4cc,33.11304246,33.4514497,17.472000899999998,49.1955451
dist_to_max_from_t10,12.606181671169532,12.821080377285542,10.898300747532778,11.550962942454591
