FJ,heart_av,vc_av_feng,aorta_av_feng,pa_av_feng
max_dose,39.12832119,28.21013611,18.19462011,34.14859401
max_coord,[80 67 55],[72 66 60],[65 74 61],[90 71 60]
normalized_max_coord,[-0.13081395 -0.14513889  0.23140496],[-0.19282946 -0.15069444  0.27272727],[-0.24709302 -0.10625     0.28099174],[-0.05329457 -0.12291667  0.27272727]
axial_scale_factors,[129 180 121],[129 180 121],[129 180 121],[129 180 121]
v25cc,4.859375,0.46875,0,0.65625
D0.5cc,31.07028538,24.8676702,14.95618662,25.93388969
D1cc,29.00674195,23.03548076,14.72892029,23.56410019
D4cc,25.65393373,19.76256954,14.0922054,18.61476706
dist_to_max_from_t10,10.4620781,12.35802181,12.59409894,10.08024445