IP,vc_av,heart_av,aorta_av_feng
max_dose,32.78046394,53.41274204,23.67939748
max_coord,[49 76 43],[59 76 56],[54 88 43]
normalized_max_coord,,,
axial_scale_factors,,,
v25cc,0.828125,7.90625,0
D0.5cc,26.59194128,42.56338913,21.31818996
D1cc,24.61445823,38.41941094,20.82014729
D4cc,19.55580059,29.63403953,18.60890316
dist_to_max_from_t10,,,