LK,vc_av,heart_av,pa_av,aorta_av_feng
max_dose,4.62340819,46.10648421,6.92119667,46.24201207
max_coord,[42 74 43],[42 94 59],[26 85 70],[50 89 61]
normalized_max_coord,,,,
axial_scale_factors,,,,
v25cc,0,24.546875,0,9.578125
D0.5cc,3.62842279,45.54783785,5.21720501,43.56958424
D1cc,3.26250611,45.31346591,4.6811428,40.91940866
D4cc,2.61444788,42.29609887,3.60832206,30.78601666
dist_to_max_from_t10,,,,