DM,vc_av_feng,aorta_av_feng,pa_av_feng,heart
max_dose,26.55675039,32.39234967,30.77682868,46.3117542
max_coord,[51 83 93],[ 79 102  90],[67 86 82],[68 82 84]
normalized_max_coord,[-0.259375   -0.05948718  0.39534884],[-0.040625    0.03794872  0.37209302],[-0.134375   -0.04410256  0.31007752],[-0.1265625  -0.06461538  0.3255814 ]
axial_scale_factors,[128 195 129],[128 195 129],[128 195 129],[128 195 129]
v25cc,0.171875,2.78125,0.609375,6.984375
D0.5cc,23.83842583,29.05777429,25.48207166,43.65547863
D1cc,23.18330106,27.77994794,22.25103328,41.34201952
D4cc,21.28963496,23.65904667,9.389534162,29.14247361
dist_to_max_from_t10,15.48749496,12.21116293,11.09560724,11.68653071