PJ,vc_av,heart_av,aorta_av,pa_av
max_dose,10.071997151,61.912864408999994,15.469016019000005,8.723880990000005
max_coord,[48 55 18],[46 44 29],[62 68 41],[54 76 50]
normalized_max_coord,[-0.20952381 -0.08447205  0.10989011],[-0.22857143 -0.18012422  0.23076923],[-0.07619048  0.02857143  0.36263736],[-0.15238095  0.09813665  0.46153846]
axial_scale_factors,[105 115  91],[105 115  91],[105 115  91],[105 115  91]
v25cc,0.0,72.625,0.0,0.0
D0.5cc,7.071999000000001,57.529470302,14.999234536000007,7.374236009
D1cc,5.994974533,54.68147787,14.731580485000002,6.642105945000001
D4cc,3.183803692,46.173571673000005,13.67771623,3.1331127649999995
dist_to_max_from_t10,6.511371528616184,9.506845009824044,8.528613304515522,11.584923788427504
