CT,vc_av_feng,aorta_av_feng,pa_av_feng,heart
max_dose,16.26914887,51.59961285,50.41005158,5.61765695
max_coord,[ 44  81 115],[ 57  95 116],[ 57 100 111],[ 49  96 102]
normalized_max_coord,[-0.25247525  0.00588235  0.23684211],[-0.12376238  0.08823529  0.24269006],[-0.12376238  0.11764706  0.21345029],[-0.2029703   0.09411765  0.16081871]
axial_scale_factors,[101 170 171],[101 170 171],[101 170 171],[101 170 171]
v25cc,0.0,33.015625,4.828125,0.0
D0.5cc,14.56768875,51.10313445,47.57016905,4.25787524
D1cc,13.91955793,50.91139338,45.55197889,3.67492841
D4cc,11.36761362,50.25989324,29.19153683,2.29012956
dist_to_max_from_t10,11.96740364490143,11.465982295468626,10.864218793820383,9.46209543388778
