MK,heart_av,aorta_av_feng,pa_av_feng,vc_kr
max_dose,52.64205907,12.86063068,52.55175733,5.733456458
max_coord,[31 79 53],[43 72 56],[32 80 53],[51 56 57]
normalized_max_coord,,,,
axial_scale_factors,,,,
v25cc,23.703125,0,12.375,0
D0.5cc,51.73188769,11.45396528,51.41282494,3.458699065
D1cc,51.21116066,10.7993517,50.43469936,2.291881091
D4cc,47.29795422,8.872866378,41.40088557,0.77419502
dist_to_max_from_t10,,,,