VE,vc_av,avoid_heart,aorta_av
max_dose,11.40694698,37.92277048,34.45588643
max_coord,[72 82 53],[ 92 137  75],[ 95 122  71]
normalized_max_coord,,,
axial_scale_factors,,,
v25cc,0,16.046875,18.234375
D0.5cc,11.11124715,34.82748198,33.03499615
D1cc,10.9843479,33.61471578,32.46190105
D4cc,10.57112285,29.73564953,30.34655669
dist_to_max_from_t10,,,