GV,vc_av,heart_av,aorta_av
max_dose,55.07654285,60.4719484,15.76120718
max_coord,[34 51 43],[34 52 56],[53 73 47]
normalized_max_coord,,,
axial_scale_factors,,,
v25cc,2.078125,19.859375,0
D0.5cc,41.66857295,54.66486332,13.4341301
D1cc,35.68794154,52.93995861,12.58242885
D4cc,16.06579577,44.23895439,8.806946149
dist_to_max_from_t10,,,