HL,heart_av,vc_av_feng,aorta_av,pa_av_feng
max_dose,49.881474,17.17718955,9.05567385,31.53567565
max_coord,[71 88 33],[58 88 44],[ 85 109  36],[70 83 47]
normalized_max_coord,,,,
axial_scale_factors,,,,
v25cc,12.546875,0,0,0.421875
D0.5cc,44.2287516,15.6967529,8.2249247,23.7273018
D1cc,40.9573604,14.3676385,7.9466446,20.99754575
D4cc,32.53945185,10.09965255,7.25017645,14.0048139
dist_to_max_from_t10,,,,